licencersn,licencenumber,status,issueddate,expireddate,localarea,businesstype,businesssubtype,folderyear,licencerevisionnumber,businessname
SYNTHETIC-RSN-0000,SYNTHETIC-LICENCE-0000,Issued,,2001-01-01,SYNTHETIC-UNMATCHED-AREA,SYNTHETIC-DEMO,SYNTHETIC-DEMO,2000,0,
SYNTHETIC-RSN-0001,SYNTHETIC-LICENCE-0001,Issued,,2001-01-01,SYNTHETIC-UNMATCHED-AREA,SYNTHETIC-DEMO,SYNTHETIC-DEMO,2000,0,
SYNTHETIC-RSN-0002,SYNTHETIC-LICENCE-0002,Issued,,2001-01-01,Downtown,SYNTHETIC-EXCLUDED,SYNTHETIC-DEMO,2000,0,
SYNTHETIC-RSN-0003,SYNTHETIC-LICENCE-0003,Issued,2000-01-01,2001-01-01,Downtown,SYNTHETIC-DEMO,SYNTHETIC-DEMO,2000,0,
SYNTHETIC-RSN-0004,SYNTHETIC-LICENCE-0004,Issued,2000-01-01,2001-01-01,Downtown,SYNTHETIC-DEMO,SYNTHETIC-DEMO,2000,0,
SYNTHETIC-RSN-0005,SYNTHETIC-LICENCE-0005,Issued,2000-01-01,2001-01-01,Downtown,SYNTHETIC-DEMO,SYNTHETIC-DEMO,2000,0,
SYNTHETIC-RSN-0006,SYNTHETIC-LICENCE-0006,Issued,2000-01-01,2001-01-01,Downtown,SYNTHETIC-DEMO,SYNTHETIC-DEMO,2000,0,
SYNTHETIC-RSN-0007,SYNTHETIC-LICENCE-0007,Issued,2000-01-01,2001-01-01,Downtown,SYNTHETIC-DEMO,SYNTHETIC-DEMO,2000,0,
SYNTHETIC-RSN-0008,SYNTHETIC-LICENCE-0008,Issued,2000-01-01,2001-01-01,Downtown,SYNTHETIC-DEMO,SYNTHETIC-DEMO,2000,0,
SYNTHETIC-RSN-0009,SYNTHETIC-LICENCE-0009,Issued,2000-01-01,2001-01-01,Downtown,SYNTHETIC-DEMO,SYNTHETIC-DEMO,2000,0,
SYNTHETIC-RSN-0010,SYNTHETIC-LICENCE-0010,Issued,2000-01-01,2001-01-01,Downtown,SYNTHETIC-DEMO,SYNTHETIC-DEMO,2000,0,
SYNTHETIC-RSN-0011,SYNTHETIC-LICENCE-0011,Issued,2000-01-01,2001-01-01,Downtown,SYNTHETIC-DEMO,SYNTHETIC-DEMO,2000,0,
SYNTHETIC-RSN-0012,SYNTHETIC-LICENCE-0012,Issued,2000-01-01,2001-01-01,Downtown,SYNTHETIC-DEMO,SYNTHETIC-DEMO,2000,0,
SYNTHETIC-RSN-0013,SYNTHETIC-LICENCE-0013,Issued,2000-01-01,2001-01-01,Downtown,SYNTHETIC-DEMO,SYNTHETIC-DEMO,2000,0,
SYNTHETIC-RSN-0014,SYNTHETIC-LICENCE-0014,Issued,2000-01-01,2001-01-01,Downtown,SYNTHETIC-DEMO,SYNTHETIC-DEMO,2000,0,
SYNTHETIC-RSN-0015,SYNTHETIC-LICENCE-0015,Issued,2000-01-01,2001-01-01,Downtown,SYNTHETIC-DEMO,SYNTHETIC-DEMO,2000,0,
SYNTHETIC-RSN-0016,SYNTHETIC-LICENCE-0016,Issued,2000-01-01,2001-01-01,Downtown,SYNTHETIC-DEMO,SYNTHETIC-DEMO,2000,0,
SYNTHETIC-RSN-0017,SYNTHETIC-LICENCE-0017,Issued,2000-01-01,2001-01-01,Downtown,SYNTHETIC-DEMO,SYNTHETIC-DEMO,2000,0,
SYNTHETIC-RSN-0018,SYNTHETIC-LICENCE-0018,Issued,2000-01-01,2001-01-01,Downtown,SYNTHETIC-DEMO,SYNTHETIC-DEMO,2000,0,
SYNTHETIC-RSN-0019,SYNTHETIC-LICENCE-0019,Issued,2000-01-01,2001-01-01,Downtown,SYNTHETIC-DEMO,SYNTHETIC-DEMO,2000,0,
SYNTHETIC-RSN-0020,SYNTHETIC-LICENCE-0020,Issued,2000-01-01,2001-01-01,Downtown,SYNTHETIC-DEMO,SYNTHETIC-DEMO,2000,0,
SYNTHETIC-RSN-0021,SYNTHETIC-LICENCE-0021,Issued,2000-01-01,2001-01-01,Downtown,SYNTHETIC-DEMO,SYNTHETIC-DEMO,2000,0,
SYNTHETIC-RSN-0022,SYNTHETIC-LICENCE-0022,Issued,2000-01-01,2001-01-01,Downtown,SYNTHETIC-DEMO,SYNTHETIC-DEMO,2000,0,
SYNTHETIC-RSN-0023,SYNTHETIC-LICENCE-0023,Issued,2000-01-01,2001-01-01,Downtown,SYNTHETIC-DEMO,SYNTHETIC-DEMO,2000,0,
SYNTHETIC-RSN-0024,SYNTHETIC-LICENCE-0024,Issued,2000-01-01,2001-01-01,Downtown,SYNTHETIC-DEMO,SYNTHETIC-DEMO,2000,0,
SYNTHETIC-RSN-0025,SYNTHETIC-LICENCE-0025,Issued,2000-01-01,2001-01-01,Downtown,SYNTHETIC-DEMO,SYNTHETIC-DEMO,2000,0,
SYNTHETIC-RSN-0026,SYNTHETIC-LICENCE-0026,Issued,2000-01-01,2001-01-01,Downtown,SYNTHETIC-DEMO,SYNTHETIC-DEMO,2000,0,
SYNTHETIC-RSN-0027,SYNTHETIC-LICENCE-0027,Issued,2000-01-01,2001-01-01,Downtown,SYNTHETIC-DEMO,SYNTHETIC-DEMO,2000,0,
SYNTHETIC-RSN-0028,SYNTHETIC-LICENCE-0028,Issued,2000-01-01,2001-01-01,Downtown,SYNTHETIC-DEMO,SYNTHETIC-DEMO,2000,0,
SYNTHETIC-RSN-0029,SYNTHETIC-LICENCE-0029,Issued,2000-01-01,2001-01-01,Downtown,SYNTHETIC-DEMO,SYNTHETIC-DEMO,2000,0,
SYNTHETIC-RSN-0030,SYNTHETIC-LICENCE-0030,Issued,2000-01-01,2001-01-01,Downtown,SYNTHETIC-DEMO,SYNTHETIC-DEMO,2000,0,
SYNTHETIC-RSN-0031,SYNTHETIC-LICENCE-0031,Issued,2000-01-01,2001-01-01,Downtown,SYNTHETIC-DEMO,SYNTHETIC-DEMO,2000,0,
SYNTHETIC-RSN-0032,SYNTHETIC-LICENCE-0032,Issued,2000-01-01,2001-01-01,Downtown,SYNTHETIC-DEMO,SYNTHETIC-DEMO,2000,0,
SYNTHETIC-RSN-0033,SYNTHETIC-LICENCE-0033,Issued,2000-01-01,2001-01-01,Downtown,SYNTHETIC-DEMO,SYNTHETIC-DEMO,2000,0,
SYNTHETIC-RSN-0034,SYNTHETIC-LICENCE-0034,Issued,2000-01-01,2001-01-01,Downtown,SYNTHETIC-DEMO,SYNTHETIC-DEMO,2000,0,
SYNTHETIC-RSN-0035,SYNTHETIC-LICENCE-0035,Issued,2000-01-01,2001-01-01,Downtown,SYNTHETIC-DEMO,SYNTHETIC-DEMO,2000,0,
SYNTHETIC-RSN-0036,SYNTHETIC-LICENCE-0036,Issued,2000-01-01,2001-01-01,Downtown,SYNTHETIC-DEMO,SYNTHETIC-DEMO,2000,0,
SYNTHETIC-RSN-0037,SYNTHETIC-LICENCE-0037,Issued,2000-01-01,2001-01-01,Downtown,SYNTHETIC-DEMO,SYNTHETIC-DEMO,2000,0,
SYNTHETIC-RSN-0038,SYNTHETIC-LICENCE-0038,Issued,2000-01-01,2001-01-01,Downtown,SYNTHETIC-DEMO,SYNTHETIC-DEMO,2000,0,
SYNTHETIC-RSN-0039,SYNTHETIC-LICENCE-0039,Issued,2000-01-01,2001-01-01,Downtown,SYNTHETIC-DEMO,SYNTHETIC-DEMO,2000,0,
SYNTHETIC-RSN-0040,SYNTHETIC-LICENCE-0040,Issued,2000-01-01,2001-01-01,Downtown,SYNTHETIC-DEMO,SYNTHETIC-DEMO,2000,0,
SYNTHETIC-RSN-0041,SYNTHETIC-LICENCE-0041,Issued,2000-01-01,2001-01-01,Downtown,SYNTHETIC-DEMO,SYNTHETIC-DEMO,2000,0,
SYNTHETIC-RSN-0042,SYNTHETIC-LICENCE-0042,Issued,2000-01-01,2001-01-01,Downtown,SYNTHETIC-DEMO,SYNTHETIC-DEMO,2000,0,
SYNTHETIC-RSN-0043,SYNTHETIC-LICENCE-0043,Issued,2000-01-01,2001-01-01,Downtown,SYNTHETIC-DEMO,SYNTHETIC-DEMO,2000,0,
SYNTHETIC-RSN-0044,SYNTHETIC-LICENCE-0044,Issued,2000-01-01,2001-01-01,Downtown,SYNTHETIC-DEMO,SYNTHETIC-DEMO,2000,0,
SYNTHETIC-RSN-0045,SYNTHETIC-LICENCE-0045,Issued,2000-01-01,2001-01-01,Downtown,SYNTHETIC-DEMO,SYNTHETIC-DEMO,2000,0,
SYNTHETIC-RSN-0046,SYNTHETIC-LICENCE-0046,Issued,2000-01-01,2001-01-01,Downtown,SYNTHETIC-DEMO,SYNTHETIC-DEMO,2000,0,
SYNTHETIC-RSN-0047,SYNTHETIC-LICENCE-0047,Issued,2000-01-01,2001-01-01,Downtown,SYNTHETIC-DEMO,SYNTHETIC-DEMO,2000,0,
SYNTHETIC-RSN-0048,SYNTHETIC-LICENCE-0048,Issued,2000-01-01,2001-01-01,Downtown,SYNTHETIC-DEMO,SYNTHETIC-DEMO,2000,0,
SYNTHETIC-RSN-0049,SYNTHETIC-LICENCE-0049,Issued,2000-01-01,2001-01-01,Downtown,SYNTHETIC-DEMO,SYNTHETIC-DEMO,2000,0,
SYNTHETIC-RSN-0050,SYNTHETIC-LICENCE-0050,Issued,2000-01-01,2001-01-01,Downtown,SYNTHETIC-DEMO,SYNTHETIC-DEMO,2000,0,
SYNTHETIC-RSN-0051,SYNTHETIC-LICENCE-0051,Issued,2000-01-01,2001-01-01,Downtown,SYNTHETIC-DEMO,SYNTHETIC-DEMO,2000,0,
SYNTHETIC-RSN-0052,SYNTHETIC-LICENCE-0052,Issued,2000-01-01,2001-01-01,Downtown,SYNTHETIC-DEMO,SYNTHETIC-DEMO,2000,0,
SYNTHETIC-RSN-0053,SYNTHETIC-LICENCE-0053,Issued,2000-01-01,2001-01-01,Downtown,SYNTHETIC-DEMO,SYNTHETIC-DEMO,2000,0,
SYNTHETIC-RSN-0054,SYNTHETIC-LICENCE-0054,Issued,2000-01-01,2001-01-01,Downtown,SYNTHETIC-DEMO,SYNTHETIC-DEMO,2000,0,
SYNTHETIC-RSN-0055,SYNTHETIC-LICENCE-0055,Issued,2000-01-01,2001-01-01,Downtown,SYNTHETIC-DEMO,SYNTHETIC-DEMO,2000,0,
SYNTHETIC-RSN-0056,SYNTHETIC-LICENCE-0056,Issued,2000-01-01,2001-01-01,Downtown,SYNTHETIC-DEMO,SYNTHETIC-DEMO,2000,0,
SYNTHETIC-RSN-0057,SYNTHETIC-LICENCE-0057,Issued,2000-01-01,2001-01-01,Downtown,SYNTHETIC-DEMO,SYNTHETIC-DEMO,2000,0,
SYNTHETIC-RSN-0058,SYNTHETIC-LICENCE-0058,Issued,2000-01-01,2001-01-01,Downtown,SYNTHETIC-DEMO,SYNTHETIC-DEMO,2000,0,
SYNTHETIC-RSN-0059,SYNTHETIC-LICENCE-0059,Issued,2000-01-01,2001-01-01,Downtown,SYNTHETIC-DEMO,SYNTHETIC-DEMO,2000,0,
SYNTHETIC-RSN-0060,SYNTHETIC-LICENCE-0060,Issued,2000-01-01,2001-01-01,Downtown,SYNTHETIC-DEMO,SYNTHETIC-DEMO,2000,0,
SYNTHETIC-RSN-0061,SYNTHETIC-LICENCE-0061,Issued,2000-01-01,2001-01-01,Downtown,SYNTHETIC-DEMO,SYNTHETIC-DEMO,2000,0,
SYNTHETIC-RSN-0062,SYNTHETIC-LICENCE-0062,Issued,2000-01-01,2001-01-01,Downtown,SYNTHETIC-DEMO,SYNTHETIC-DEMO,2000,0,
SYNTHETIC-RSN-0063,SYNTHETIC-LICENCE-0063,Issued,2000-01-01,2001-01-01,Downtown,SYNTHETIC-DEMO,SYNTHETIC-DEMO,2000,0,
SYNTHETIC-RSN-0064,SYNTHETIC-LICENCE-0064,Issued,2000-01-01,2001-01-01,Downtown,SYNTHETIC-DEMO,SYNTHETIC-DEMO,2000,0,
SYNTHETIC-RSN-0065,SYNTHETIC-LICENCE-0065,Issued,2000-01-01,2001-01-01,Downtown,SYNTHETIC-DEMO,SYNTHETIC-DEMO,2000,0,
SYNTHETIC-RSN-0066,SYNTHETIC-LICENCE-0066,Issued,2000-01-01,2001-01-01,Downtown,SYNTHETIC-DEMO,SYNTHETIC-DEMO,2000,0,
SYNTHETIC-RSN-0067,SYNTHETIC-LICENCE-0067,Issued,2000-01-01,2001-01-01,Downtown,SYNTHETIC-DEMO,SYNTHETIC-DEMO,2000,0,
SYNTHETIC-RSN-0068,SYNTHETIC-LICENCE-0068,Issued,2000-01-01,2001-01-01,Downtown,SYNTHETIC-DEMO,SYNTHETIC-DEMO,2000,0,
SYNTHETIC-RSN-0069,SYNTHETIC-LICENCE-0069,Issued,2000-01-01,2001-01-01,Downtown,SYNTHETIC-DEMO,SYNTHETIC-DEMO,2000,0,
SYNTHETIC-RSN-0070,SYNTHETIC-LICENCE-0070,Issued,2000-01-01,2001-01-01,Downtown,SYNTHETIC-DEMO,SYNTHETIC-DEMO,2000,0,
SYNTHETIC-RSN-0071,SYNTHETIC-LICENCE-0071,Issued,2000-01-01,2001-01-01,Downtown,SYNTHETIC-DEMO,SYNTHETIC-DEMO,2000,0,
SYNTHETIC-RSN-0072,SYNTHETIC-LICENCE-0072,Issued,2000-01-01,2001-01-01,Downtown,SYNTHETIC-DEMO,SYNTHETIC-DEMO,2000,0,
SYNTHETIC-RSN-0073,SYNTHETIC-LICENCE-0073,Issued,2000-01-01,2001-01-01,Downtown,SYNTHETIC-DEMO,SYNTHETIC-DEMO,2000,0,
SYNTHETIC-RSN-0074,SYNTHETIC-LICENCE-0074,Issued,2000-01-01,2001-01-01,Downtown,SYNTHETIC-DEMO,SYNTHETIC-DEMO,2000,0,
SYNTHETIC-RSN-0075,SYNTHETIC-LICENCE-0075,Issued,2000-01-01,2001-01-01,Downtown,SYNTHETIC-DEMO,SYNTHETIC-DEMO,2000,0,
SYNTHETIC-RSN-0076,SYNTHETIC-LICENCE-0076,Issued,2000-01-01,2001-01-01,Downtown,SYNTHETIC-DEMO,SYNTHETIC-DEMO,2000,0,
SYNTHETIC-RSN-0077,SYNTHETIC-LICENCE-0077,Issued,2000-01-01,2001-01-01,Downtown,SYNTHETIC-DEMO,SYNTHETIC-DEMO,2000,0,
SYNTHETIC-RSN-0078,SYNTHETIC-LICENCE-0078,Issued,2000-01-01,2001-01-01,Downtown,SYNTHETIC-DEMO,SYNTHETIC-DEMO,2000,0,
SYNTHETIC-RSN-0079,SYNTHETIC-LICENCE-0079,Issued,2000-01-01,2001-01-01,Downtown,SYNTHETIC-DEMO,SYNTHETIC-DEMO,2000,0,
SYNTHETIC-RSN-0080,SYNTHETIC-LICENCE-0080,Issued,2000-01-01,2001-01-01,Downtown,SYNTHETIC-DEMO,SYNTHETIC-DEMO,2000,0,
SYNTHETIC-RSN-0081,SYNTHETIC-LICENCE-0081,Issued,2000-01-01,2001-01-01,Downtown,SYNTHETIC-DEMO,SYNTHETIC-DEMO,2000,0,
SYNTHETIC-RSN-0082,SYNTHETIC-LICENCE-0082,Issued,2000-01-01,2001-01-01,Downtown,SYNTHETIC-DEMO,SYNTHETIC-DEMO,2000,0,
SYNTHETIC-RSN-0083,SYNTHETIC-LICENCE-0083,Issued,2000-01-01,2001-01-01,Downtown,SYNTHETIC-DEMO,SYNTHETIC-DEMO,2000,0,
SYNTHETIC-RSN-0084,SYNTHETIC-LICENCE-0084,Issued,2000-01-01,2001-01-01,Downtown,SYNTHETIC-DEMO,SYNTHETIC-DEMO,2000,0,
SYNTHETIC-RSN-0085,SYNTHETIC-LICENCE-0085,Issued,2000-01-01,2001-01-01,Downtown,SYNTHETIC-DEMO,SYNTHETIC-DEMO,2000,0,
SYNTHETIC-RSN-0086,SYNTHETIC-LICENCE-0086,Issued,2000-01-01,2001-01-01,Downtown,SYNTHETIC-DEMO,SYNTHETIC-DEMO,2000,0,
SYNTHETIC-RSN-0087,SYNTHETIC-LICENCE-0087,Issued,2000-01-01,2001-01-01,Downtown,SYNTHETIC-DEMO,SYNTHETIC-DEMO,2000,0,
SYNTHETIC-RSN-0088,SYNTHETIC-LICENCE-0088,Issued,2000-01-01,2001-01-01,Downtown,SYNTHETIC-DEMO,SYNTHETIC-DEMO,2000,0,
SYNTHETIC-RSN-0089,SYNTHETIC-LICENCE-0089,Issued,2000-01-01,2001-01-01,Downtown,SYNTHETIC-DEMO,SYNTHETIC-DEMO,2000,0,
SYNTHETIC-RSN-0090,SYNTHETIC-LICENCE-0090,Issued,2000-01-01,2001-01-01,Downtown,SYNTHETIC-DEMO,SYNTHETIC-DEMO,2000,0,
SYNTHETIC-RSN-0091,SYNTHETIC-LICENCE-0091,Issued,2000-01-01,2001-01-01,Downtown,SYNTHETIC-DEMO,SYNTHETIC-DEMO,2000,0,
SYNTHETIC-RSN-0092,SYNTHETIC-LICENCE-0092,Issued,2000-01-01,2001-01-01,Downtown,SYNTHETIC-DEMO,SYNTHETIC-DEMO,2000,0,
SYNTHETIC-RSN-0093,SYNTHETIC-LICENCE-0093,Issued,2000-01-01,2001-01-01,Downtown,SYNTHETIC-DEMO,SYNTHETIC-DEMO,2000,0,
SYNTHETIC-RSN-0094,SYNTHETIC-LICENCE-0094,Issued,2000-01-01,2001-01-01,Downtown,SYNTHETIC-DEMO,SYNTHETIC-DEMO,2000,0,
SYNTHETIC-RSN-0095,SYNTHETIC-LICENCE-0095,Issued,2000-01-01,2001-01-01,Downtown,SYNTHETIC-DEMO,SYNTHETIC-DEMO,2000,0,
SYNTHETIC-RSN-0096,SYNTHETIC-LICENCE-0096,Issued,2000-01-01,2001-01-01,Downtown,SYNTHETIC-DEMO,SYNTHETIC-DEMO,2000,0,
SYNTHETIC-RSN-0097,SYNTHETIC-LICENCE-0097,Issued,2000-01-01,2001-01-01,Downtown,SYNTHETIC-DEMO,SYNTHETIC-DEMO,2000,0,
SYNTHETIC-RSN-0098,SYNTHETIC-LICENCE-0098,Issued,2000-01-01,2001-01-01,Downtown,SYNTHETIC-DEMO,SYNTHETIC-DEMO,2000,0,
SYNTHETIC-RSN-0099,SYNTHETIC-LICENCE-0099,Issued,2000-01-01,2001-01-01,Downtown,SYNTHETIC-DEMO,SYNTHETIC-DEMO,2000,0,
SYNTHETIC-RSN-0100,SYNTHETIC-LICENCE-0100,Issued,2000-01-01,2001-01-01,Downtown,SYNTHETIC-DEMO,SYNTHETIC-DEMO,2000,0,
SYNTHETIC-RSN-0101,SYNTHETIC-LICENCE-0101,Issued,2000-01-01,2001-01-01,Downtown,SYNTHETIC-DEMO,SYNTHETIC-DEMO,2000,0,
SYNTHETIC-RSN-0102,SYNTHETIC-LICENCE-0102,Issued,2000-01-01,2001-01-01,Downtown,SYNTHETIC-DEMO,SYNTHETIC-DEMO,2000,0,
SYNTHETIC-RSN-0103,SYNTHETIC-LICENCE-0103,Issued,2000-01-01,2001-01-01,Downtown,SYNTHETIC-DEMO,SYNTHETIC-DEMO,2000,0,
SYNTHETIC-RSN-0104,SYNTHETIC-LICENCE-0104,Issued,2000-01-01,2001-01-01,Downtown,SYNTHETIC-DEMO,SYNTHETIC-DEMO,2000,0,
SYNTHETIC-RSN-0105,SYNTHETIC-LICENCE-0105,Issued,2000-01-01,2001-01-01,Downtown,SYNTHETIC-DEMO,SYNTHETIC-DEMO,2000,0,
SYNTHETIC-RSN-0106,SYNTHETIC-LICENCE-0106,Issued,2000-01-01,2001-01-01,Downtown,SYNTHETIC-DEMO,SYNTHETIC-DEMO,2000,0,
SYNTHETIC-RSN-0107,SYNTHETIC-LICENCE-0107,Issued,2000-01-01,2001-01-01,Downtown,SYNTHETIC-DEMO,SYNTHETIC-DEMO,2000,0,
SYNTHETIC-RSN-0108,SYNTHETIC-LICENCE-0108,Issued,2000-01-01,2001-01-01,Downtown,SYNTHETIC-DEMO,SYNTHETIC-DEMO,2000,0,
SYNTHETIC-RSN-0109,SYNTHETIC-LICENCE-0109,Issued,2000-01-01,2001-01-01,Downtown,SYNTHETIC-DEMO,SYNTHETIC-DEMO,2000,0,
SYNTHETIC-RSN-0110,SYNTHETIC-LICENCE-0110,Issued,2000-01-01,2001-01-01,Downtown,SYNTHETIC-DEMO,SYNTHETIC-DEMO,2000,0,
SYNTHETIC-RSN-0111,SYNTHETIC-LICENCE-0111,Issued,2000-01-01,2001-01-01,Downtown,SYNTHETIC-DEMO,SYNTHETIC-DEMO,2000,0,
SYNTHETIC-RSN-0112,SYNTHETIC-LICENCE-0112,Issued,2000-01-01,2001-01-01,Downtown,SYNTHETIC-DEMO,SYNTHETIC-DEMO,2000,0,
SYNTHETIC-RSN-0113,SYNTHETIC-LICENCE-0113,Issued,2000-01-01,2001-01-01,Downtown,SYNTHETIC-DEMO,SYNTHETIC-DEMO,2000,0,
SYNTHETIC-RSN-0114,SYNTHETIC-LICENCE-0114,Issued,2000-01-01,2001-01-01,Downtown,SYNTHETIC-DEMO,SYNTHETIC-DEMO,2000,0,
SYNTHETIC-RSN-0115,SYNTHETIC-LICENCE-0115,Issued,2000-01-01,2001-01-01,Downtown,SYNTHETIC-DEMO,SYNTHETIC-DEMO,2000,0,
SYNTHETIC-RSN-0116,SYNTHETIC-LICENCE-0116,Issued,2000-01-01,2001-01-01,Downtown,SYNTHETIC-DEMO,SYNTHETIC-DEMO,2000,0,
SYNTHETIC-RSN-0117,SYNTHETIC-LICENCE-0117,Issued,2000-01-01,2001-01-01,Downtown,SYNTHETIC-DEMO,SYNTHETIC-DEMO,2000,0,
SYNTHETIC-RSN-0118,SYNTHETIC-LICENCE-0118,Issued,2000-01-01,2001-01-01,Downtown,SYNTHETIC-DEMO,SYNTHETIC-DEMO,2000,0,
SYNTHETIC-RSN-0119,SYNTHETIC-LICENCE-0119,Issued,2000-01-01,2001-01-01,Downtown,SYNTHETIC-DEMO,SYNTHETIC-DEMO,2000,0,
SYNTHETIC-RSN-0120,SYNTHETIC-LICENCE-0120,Issued,2000-01-01,2001-01-01,Downtown,SYNTHETIC-DEMO,SYNTHETIC-DEMO,2000,0,
SYNTHETIC-RSN-0121,SYNTHETIC-LICENCE-0121,Issued,2000-01-01,2001-01-01,Downtown,SYNTHETIC-DEMO,SYNTHETIC-DEMO,2000,0,
SYNTHETIC-RSN-0122,SYNTHETIC-LICENCE-0122,Issued,2000-01-01,2001-01-01,Downtown,SYNTHETIC-DEMO,SYNTHETIC-DEMO,2000,0,
SYNTHETIC-RSN-0123,SYNTHETIC-LICENCE-0123,Issued,2000-01-01,2001-01-01,Downtown,SYNTHETIC-DEMO,SYNTHETIC-DEMO,2000,0,
SYNTHETIC-RSN-0124,SYNTHETIC-LICENCE-0124,Issued,2000-01-01,2001-01-01,Downtown,SYNTHETIC-DEMO,SYNTHETIC-DEMO,2000,0,
SYNTHETIC-RSN-0125,SYNTHETIC-LICENCE-0125,Issued,2000-01-01,2001-01-01,Downtown,SYNTHETIC-DEMO,SYNTHETIC-DEMO,2000,0,
SYNTHETIC-RSN-0126,SYNTHETIC-LICENCE-0126,Issued,2000-01-01,2001-01-01,Downtown,SYNTHETIC-DEMO,SYNTHETIC-DEMO,2000,0,
SYNTHETIC-RSN-0127,SYNTHETIC-LICENCE-0127,Issued,2000-01-01,2001-01-01,Downtown,SYNTHETIC-DEMO,SYNTHETIC-DEMO,2000,0,
SYNTHETIC-RSN-0128,SYNTHETIC-LICENCE-0128,Issued,2000-01-01,2001-01-01,Downtown,SYNTHETIC-DEMO,SYNTHETIC-DEMO,2000,0,
SYNTHETIC-RSN-0129,SYNTHETIC-LICENCE-0129,Issued,2000-01-01,2001-01-01,Downtown,SYNTHETIC-DEMO,SYNTHETIC-DEMO,2000,0,
SYNTHETIC-RSN-0130,SYNTHETIC-LICENCE-0130,Issued,2000-01-01,2001-01-01,Downtown,SYNTHETIC-DEMO,SYNTHETIC-DEMO,2000,0,
SYNTHETIC-RSN-0131,SYNTHETIC-LICENCE-0131,Issued,2000-01-01,2001-01-01,Downtown,SYNTHETIC-DEMO,SYNTHETIC-DEMO,2000,0,
SYNTHETIC-RSN-0132,SYNTHETIC-LICENCE-0132,Issued,2000-01-01,2001-01-01,Downtown,SYNTHETIC-DEMO,SYNTHETIC-DEMO,2000,0,
SYNTHETIC-RSN-0133,SYNTHETIC-LICENCE-0133,Issued,2000-01-01,2001-01-01,Downtown,SYNTHETIC-DEMO,SYNTHETIC-DEMO,2000,0,
SYNTHETIC-RSN-0134,SYNTHETIC-LICENCE-0134,Issued,2000-01-01,2001-01-01,Downtown,SYNTHETIC-DEMO,SYNTHETIC-DEMO,2000,0,
SYNTHETIC-RSN-0135,SYNTHETIC-LICENCE-0135,Issued,2000-01-01,2001-01-01,Downtown,SYNTHETIC-DEMO,SYNTHETIC-DEMO,2000,0,
SYNTHETIC-RSN-0136,SYNTHETIC-LICENCE-0136,Issued,2000-01-01,2001-01-01,Downtown,SYNTHETIC-DEMO,SYNTHETIC-DEMO,2000,0,
SYNTHETIC-RSN-0137,SYNTHETIC-LICENCE-0137,Issued,2000-01-01,2001-01-01,Downtown,SYNTHETIC-DEMO,SYNTHETIC-DEMO,2000,0,
SYNTHETIC-RSN-0138,SYNTHETIC-LICENCE-0138,Issued,2000-01-01,2001-01-01,Downtown,SYNTHETIC-DEMO,SYNTHETIC-DEMO,2000,0,
SYNTHETIC-RSN-0139,SYNTHETIC-LICENCE-0139,Issued,2000-01-01,2001-01-01,Downtown,SYNTHETIC-DEMO,SYNTHETIC-DEMO,2000,0,
SYNTHETIC-RSN-0140,SYNTHETIC-LICENCE-0140,Issued,2000-01-01,2001-01-01,Downtown,SYNTHETIC-DEMO,SYNTHETIC-DEMO,2000,0,
SYNTHETIC-RSN-0141,SYNTHETIC-LICENCE-0141,Issued,2000-01-01,2001-01-01,Downtown,SYNTHETIC-DEMO,SYNTHETIC-DEMO,2000,0,
SYNTHETIC-RSN-0142,SYNTHETIC-LICENCE-0142,Issued,2000-01-01,2001-01-01,Downtown,SYNTHETIC-DEMO,SYNTHETIC-DEMO,2000,0,
SYNTHETIC-RSN-0143,SYNTHETIC-LICENCE-0143,Issued,2000-01-01,2001-01-01,Downtown,SYNTHETIC-DEMO,SYNTHETIC-DEMO,2000,0,
SYNTHETIC-RSN-0144,SYNTHETIC-LICENCE-0144,Issued,2000-01-01,2001-01-01,Downtown,SYNTHETIC-DEMO,SYNTHETIC-DEMO,2000,0,
SYNTHETIC-RSN-0145,SYNTHETIC-LICENCE-0145,Issued,2000-01-01,2001-01-01,Downtown,SYNTHETIC-DEMO,SYNTHETIC-DEMO,2000,0,
SYNTHETIC-RSN-0146,SYNTHETIC-LICENCE-0146,Issued,2000-01-01,2001-01-01,Downtown,SYNTHETIC-DEMO,SYNTHETIC-DEMO,2000,0,
SYNTHETIC-RSN-0147,SYNTHETIC-LICENCE-0147,Issued,2000-01-01,2001-01-01,Downtown,SYNTHETIC-DEMO,SYNTHETIC-DEMO,2000,0,
SYNTHETIC-RSN-0148,SYNTHETIC-LICENCE-0148,Issued,2000-01-01,2001-01-01,Downtown,SYNTHETIC-DEMO,SYNTHETIC-DEMO,2000,0,
SYNTHETIC-RSN-0149,SYNTHETIC-LICENCE-0149,Issued,2000-01-01,2001-01-01,Downtown,SYNTHETIC-DEMO,SYNTHETIC-DEMO,2000,0,
SYNTHETIC-RSN-0150,SYNTHETIC-LICENCE-0150,Issued,2000-01-01,2001-01-01,Downtown,SYNTHETIC-DEMO,SYNTHETIC-DEMO,2000,0,
SYNTHETIC-RSN-0151,SYNTHETIC-LICENCE-0151,Issued,2000-01-01,2001-01-01,Downtown,SYNTHETIC-DEMO,SYNTHETIC-DEMO,2000,0,
SYNTHETIC-RSN-0152,SYNTHETIC-LICENCE-0152,Issued,2000-01-01,2001-01-01,Downtown,SYNTHETIC-DEMO,SYNTHETIC-DEMO,2000,0,
SYNTHETIC-RSN-0153,SYNTHETIC-LICENCE-0153,Issued,2000-01-01,2001-01-01,Downtown,SYNTHETIC-DEMO,SYNTHETIC-DEMO,2000,0,
SYNTHETIC-RSN-0154,SYNTHETIC-LICENCE-0154,Issued,2000-01-01,2001-01-01,Downtown,SYNTHETIC-DEMO,SYNTHETIC-DEMO,2000,0,
SYNTHETIC-RSN-0155,SYNTHETIC-LICENCE-0155,Issued,2000-01-01,2001-01-01,Downtown,SYNTHETIC-DEMO,SYNTHETIC-DEMO,2000,0,
SYNTHETIC-RSN-0156,SYNTHETIC-LICENCE-0156,Issued,2000-01-01,2001-01-01,Downtown,SYNTHETIC-DEMO,SYNTHETIC-DEMO,2000,0,
SYNTHETIC-RSN-0157,SYNTHETIC-LICENCE-0157,Issued,2000-01-01,2001-01-01,Downtown,SYNTHETIC-DEMO,SYNTHETIC-DEMO,2000,0,
SYNTHETIC-RSN-0158,SYNTHETIC-LICENCE-0158,Issued,2000-01-01,2001-01-01,Downtown,SYNTHETIC-DEMO,SYNTHETIC-DEMO,2000,0,
SYNTHETIC-RSN-0159,SYNTHETIC-LICENCE-0159,Issued,2000-01-01,2001-01-01,Downtown,SYNTHETIC-DEMO,SYNTHETIC-DEMO,2000,0,
SYNTHETIC-RSN-0160,SYNTHETIC-LICENCE-0160,Issued,2000-01-01,2001-01-01,Downtown,SYNTHETIC-DEMO,SYNTHETIC-DEMO,2000,0,
SYNTHETIC-RSN-0161,SYNTHETIC-LICENCE-0161,Issued,2000-01-01,2001-01-01,Downtown,SYNTHETIC-DEMO,SYNTHETIC-DEMO,2000,0,
SYNTHETIC-RSN-0162,SYNTHETIC-LICENCE-0162,Issued,2000-01-01,2001-01-01,Downtown,SYNTHETIC-DEMO,SYNTHETIC-DEMO,2000,0,
SYNTHETIC-RSN-0163,SYNTHETIC-LICENCE-0163,Issued,2000-01-01,2001-01-01,Downtown,SYNTHETIC-DEMO,SYNTHETIC-DEMO,2000,0,
SYNTHETIC-RSN-0164,SYNTHETIC-LICENCE-0164,Issued,2000-01-01,2001-01-01,Downtown,SYNTHETIC-DEMO,SYNTHETIC-DEMO,2000,0,
SYNTHETIC-RSN-0165,SYNTHETIC-LICENCE-0165,Issued,2000-01-01,2001-01-01,Downtown,SYNTHETIC-DEMO,SYNTHETIC-DEMO,2000,0,
SYNTHETIC-RSN-0166,SYNTHETIC-LICENCE-0166,Issued,2000-01-01,2001-01-01,Downtown,SYNTHETIC-DEMO,SYNTHETIC-DEMO,2000,0,
SYNTHETIC-RSN-0167,SYNTHETIC-LICENCE-0167,Issued,2000-01-01,2001-01-01,Downtown,SYNTHETIC-DEMO,SYNTHETIC-DEMO,2000,0,
SYNTHETIC-RSN-0168,SYNTHETIC-LICENCE-0168,Issued,2000-01-01,2001-01-01,Downtown,SYNTHETIC-DEMO,SYNTHETIC-DEMO,2000,0,
SYNTHETIC-RSN-0169,SYNTHETIC-LICENCE-0169,Issued,2000-01-01,2001-01-01,Downtown,SYNTHETIC-DEMO,SYNTHETIC-DEMO,2000,0,
SYNTHETIC-RSN-0170,SYNTHETIC-LICENCE-0170,Issued,2000-01-01,2001-01-01,Downtown,SYNTHETIC-DEMO,SYNTHETIC-DEMO,2000,0,
SYNTHETIC-RSN-0171,SYNTHETIC-LICENCE-0171,Issued,2000-01-01,2001-01-01,Downtown,SYNTHETIC-DEMO,SYNTHETIC-DEMO,2000,0,
SYNTHETIC-RSN-0172,SYNTHETIC-LICENCE-0172,Issued,2000-01-01,2001-01-01,Downtown,SYNTHETIC-DEMO,SYNTHETIC-DEMO,2000,0,
SYNTHETIC-RSN-0173,SYNTHETIC-LICENCE-0173,Issued,2000-01-01,2001-01-01,Downtown,SYNTHETIC-DEMO,SYNTHETIC-DEMO,2000,0,
SYNTHETIC-RSN-0174,SYNTHETIC-LICENCE-0174,Issued,2000-01-01,2001-01-01,Downtown,SYNTHETIC-DEMO,SYNTHETIC-DEMO,2000,0,
SYNTHETIC-RSN-0175,SYNTHETIC-LICENCE-0175,Issued,2000-01-01,2001-01-01,Downtown,SYNTHETIC-DEMO,SYNTHETIC-DEMO,2000,0,
SYNTHETIC-RSN-0176,SYNTHETIC-LICENCE-0176,Issued,2000-01-01,2001-01-01,Downtown,SYNTHETIC-DEMO,SYNTHETIC-DEMO,2000,0,
SYNTHETIC-RSN-0177,SYNTHETIC-LICENCE-0177,Issued,2000-01-01,2001-01-01,Downtown,SYNTHETIC-DEMO,SYNTHETIC-DEMO,2000,0,
SYNTHETIC-RSN-0178,SYNTHETIC-LICENCE-0178,Issued,2000-01-01,2001-01-01,Downtown,SYNTHETIC-DEMO,SYNTHETIC-DEMO,2000,0,
SYNTHETIC-RSN-0179,SYNTHETIC-LICENCE-0179,Issued,2000-01-01,2001-01-01,Downtown,SYNTHETIC-DEMO,SYNTHETIC-DEMO,2000,0,
SYNTHETIC-RSN-0180,SYNTHETIC-LICENCE-0180,Issued,2000-01-01,2001-01-01,Downtown,SYNTHETIC-DEMO,SYNTHETIC-DEMO,2000,0,
SYNTHETIC-RSN-0181,SYNTHETIC-LICENCE-0181,Issued,2000-01-01,2001-01-01,Downtown,SYNTHETIC-DEMO,SYNTHETIC-DEMO,2000,0,
SYNTHETIC-RSN-0182,SYNTHETIC-LICENCE-0182,Issued,2000-01-01,2001-01-01,Downtown,SYNTHETIC-DEMO,SYNTHETIC-DEMO,2000,0,
SYNTHETIC-RSN-0183,SYNTHETIC-LICENCE-0183,Issued,2000-01-01,2001-01-01,Downtown,SYNTHETIC-DEMO,SYNTHETIC-DEMO,2000,0,
SYNTHETIC-RSN-0184,SYNTHETIC-LICENCE-0184,Issued,2000-01-01,2001-01-01,Downtown,SYNTHETIC-DEMO,SYNTHETIC-DEMO,2000,0,
SYNTHETIC-RSN-0185,SYNTHETIC-LICENCE-0185,Issued,2000-01-01,2001-01-01,Downtown,SYNTHETIC-DEMO,SYNTHETIC-DEMO,2000,0,
SYNTHETIC-RSN-0186,SYNTHETIC-LICENCE-0186,Issued,2000-01-01,2001-01-01,Downtown,SYNTHETIC-DEMO,SYNTHETIC-DEMO,2000,0,
SYNTHETIC-RSN-0187,SYNTHETIC-LICENCE-0187,Issued,2000-01-01,2001-01-01,Downtown,SYNTHETIC-DEMO,SYNTHETIC-DEMO,2000,0,
SYNTHETIC-RSN-0188,SYNTHETIC-LICENCE-0188,Issued,2000-01-01,2001-01-01,Downtown,SYNTHETIC-DEMO,SYNTHETIC-DEMO,2000,0,
SYNTHETIC-RSN-0189,SYNTHETIC-LICENCE-0189,Issued,2000-01-01,2001-01-01,Downtown,SYNTHETIC-DEMO,SYNTHETIC-DEMO,2000,0,
SYNTHETIC-RSN-0190,SYNTHETIC-LICENCE-0190,Issued,2000-01-01,2001-01-01,Downtown,SYNTHETIC-DEMO,SYNTHETIC-DEMO,2000,0,
SYNTHETIC-RSN-0191,SYNTHETIC-LICENCE-0191,Issued,2000-01-01,2001-01-01,Downtown,SYNTHETIC-DEMO,SYNTHETIC-DEMO,2000,0,
SYNTHETIC-RSN-0192,SYNTHETIC-LICENCE-0192,Issued,2000-01-01,2001-01-01,Downtown,SYNTHETIC-DEMO,SYNTHETIC-DEMO,2000,0,
SYNTHETIC-RSN-0193,SYNTHETIC-LICENCE-0193,Issued,2000-01-01,2001-01-01,Downtown,SYNTHETIC-DEMO,SYNTHETIC-DEMO,2000,0,
SYNTHETIC-RSN-0194,SYNTHETIC-LICENCE-0194,Issued,2000-01-01,2001-01-01,Downtown,SYNTHETIC-DEMO,SYNTHETIC-DEMO,2000,0,
SYNTHETIC-RSN-0195,SYNTHETIC-LICENCE-0195,Issued,2000-01-01,2001-01-01,Downtown,SYNTHETIC-DEMO,SYNTHETIC-DEMO,2000,0,
SYNTHETIC-RSN-0196,SYNTHETIC-LICENCE-0196,Issued,2000-01-01,2001-01-01,Downtown,SYNTHETIC-DEMO,SYNTHETIC-DEMO,2000,0,
SYNTHETIC-RSN-0197,SYNTHETIC-LICENCE-0197,Issued,2000-01-01,2001-01-01,Downtown,SYNTHETIC-DEMO,SYNTHETIC-DEMO,2000,0,
SYNTHETIC-RSN-0198,SYNTHETIC-LICENCE-0198,Issued,2000-01-01,2001-01-01,Downtown,SYNTHETIC-DEMO,SYNTHETIC-DEMO,2000,0,
SYNTHETIC-RSN-0199,SYNTHETIC-LICENCE-0199,Issued,2000-01-01,2001-01-01,Downtown,SYNTHETIC-DEMO,SYNTHETIC-DEMO,2000,0,
